,title,rating,price,avalibility,category
0,A Light in the ...,3,51.77,In stock,Poetry
1,Tipping the Velvet,1,53.74,In stock,Historical Fiction
2,Soumission,1,50.1,In stock,Fiction
3,Sharp Objects,4,47.82,In stock,Mystery
4,Sapiens: A Brief History ...,5,54.23,In stock,History
5,The Requiem Red,1,22.65,In stock,Young Adult
6,The Dirty Little Secrets ...,4,33.34,In stock,Business
7,The Coming Woman: A ...,3,17.93,In stock,Default
8,The Boys in the ...,4,22.6,In stock,Default
9,The Black Maria,1,52.15,In stock,Poetry
10,Starving Hearts (Triangular Trade ...,2,13.99,In stock,Default
11,Shakespeare's Sonnets,4,20.66,In stock,Poetry
12,Set Me Free,5,17.46,In stock,Young Adult
13,Scott Pilgrim's Precious Little ...,5,52.29,In stock,Sequential Art
14,Rip it Up and ...,5,35.02,In stock,Music
15,Our Band Could Be ...,3,57.25,In stock,Music
16,Olio,1,23.88,In stock,Poetry
17,Mesaerion: The Best Science ...,1,37.59,In stock,Science Fiction
18,Libertarianism for Beginners,2,51.33,In stock,Politics
19,It's Only the Himalayas,2,45.17,In stock,Travel
20,A Light in the ...,3,51.77,In stock,Poetry
21,Tipping the Velvet,1,53.74,In stock,Historical Fiction
22,Soumission,1,50.1,In stock,Fiction
23,Sharp Objects,4,47.82,In stock,Mystery
24,Sapiens: A Brief History ...,5,54.23,In stock,History
25,The Requiem Red,1,22.65,In stock,Young Adult
26,The Dirty Little Secrets ...,4,33.34,In stock,Business
27,The Coming Woman: A ...,3,17.93,In stock,Default
28,The Boys in the ...,4,22.6,In stock,Default
29,The Black Maria,1,52.15,In stock,Poetry
30,Starving Hearts (Triangular Trade ...,2,13.99,In stock,Default
31,Shakespeare's Sonnets,4,20.66,In stock,Poetry
32,Set Me Free,5,17.46,In stock,Young Adult
33,Scott Pilgrim's Precious Little ...,5,52.29,In stock,Sequential Art
34,Rip it Up and ...,5,35.02,In stock,Music
35,Our Band Could Be ...,3,57.25,In stock,Music
36,Olio,1,23.88,In stock,Poetry
37,Mesaerion: The Best Science ...,1,37.59,In stock,Science Fiction
38,Libertarianism for Beginners,2,51.33,In stock,Politics
39,It's Only the Himalayas,2,45.17,In stock,Travel
40,A Light in the ...,3,51.77,In stock,Poetry
41,Tipping the Velvet,1,53.74,In stock,Historical Fiction
42,Soumission,1,50.1,In stock,Fiction
43,Sharp Objects,4,47.82,In stock,Mystery
44,Sapiens: A Brief History ...,5,54.23,In stock,History
45,The Requiem Red,1,22.65,In stock,Young Adult
46,The Dirty Little Secrets ...,4,33.34,In stock,Business
47,The Coming Woman: A ...,3,17.93,In stock,Default
48,The Boys in the ...,4,22.6,In stock,Default
49,The Black Maria,1,52.15,In stock,Poetry
50,Starving Hearts (Triangular Trade ...,2,13.99,In stock,Default
51,Shakespeare's Sonnets,4,20.66,In stock,Poetry
52,Set Me Free,5,17.46,In stock,Young Adult
53,Scott Pilgrim's Precious Little ...,5,52.29,In stock,Sequential Art
54,Rip it Up and ...,5,35.02,In stock,Music
55,Our Band Could Be ...,3,57.25,In stock,Music
56,Olio,1,23.88,In stock,Poetry
57,Mesaerion: The Best Science ...,1,37.59,In stock,Science Fiction
58,Libertarianism for Beginners,2,51.33,In stock,Politics
59,It's Only the Himalayas,2,45.17,In stock,Travel
60,A Light in the ...,3,51.77,In stock,Poetry
61,Tipping the Velvet,1,53.74,In stock,Historical Fiction
62,Soumission,1,50.1,In stock,Fiction
63,Sharp Objects,4,47.82,In stock,Mystery
64,Sapiens: A Brief History ...,5,54.23,In stock,History
65,The Requiem Red,1,22.65,In stock,Young Adult
66,The Dirty Little Secrets ...,4,33.34,In stock,Business
67,The Coming Woman: A ...,3,17.93,In stock,Default
68,The Boys in the ...,4,22.6,In stock,Default
69,The Black Maria,1,52.15,In stock,Poetry
70,Starving Hearts (Triangular Trade ...,2,13.99,In stock,Default
71,Shakespeare's Sonnets,4,20.66,In stock,Poetry
72,Set Me Free,5,17.46,In stock,Young Adult
73,Scott Pilgrim's Precious Little ...,5,52.29,In stock,Sequential Art
74,Rip it Up and ...,5,35.02,In stock,Music
75,Our Band Could Be ...,3,57.25,In stock,Music
76,Olio,1,23.88,In stock,Poetry
77,Mesaerion: The Best Science ...,1,37.59,In stock,Science Fiction
78,Libertarianism for Beginners,2,51.33,In stock,Politics
79,It's Only the Himalayas,2,45.17,In stock,Travel
80,A Light in the ...,3,51.77,In stock,Poetry
81,Tipping the Velvet,1,53.74,In stock,Historical Fiction
82,Soumission,1,50.1,In stock,Fiction
83,Sharp Objects,4,47.82,In stock,Mystery
84,Sapiens: A Brief History ...,5,54.23,In stock,History
85,The Requiem Red,1,22.65,In stock,Young Adult
86,The Dirty Little Secrets ...,4,33.34,In stock,Business
87,The Coming Woman: A ...,3,17.93,In stock,Default
88,The Boys in the ...,4,22.6,In stock,Default
89,The Black Maria,1,52.15,In stock,Poetry
90,Starving Hearts (Triangular Trade ...,2,13.99,In stock,Default
91,Shakespeare's Sonnets,4,20.66,In stock,Poetry
92,Set Me Free,5,17.46,In stock,Young Adult
93,Scott Pilgrim's Precious Little ...,5,52.29,In stock,Sequential Art
94,Rip it Up and ...,5,35.02,In stock,Music
95,Our Band Could Be ...,3,57.25,In stock,Music
96,Olio,1,23.88,In stock,Poetry
97,Mesaerion: The Best Science ...,1,37.59,In stock,Science Fiction
98,Libertarianism for Beginners,2,51.33,In stock,Politics
99,It's Only the Himalayas,2,45.17,In stock,Travel
100,A Light in the ...,3,51.77,In stock,Poetry
101,Tipping the Velvet,1,53.74,In stock,Historical Fiction
102,Soumission,1,50.1,In stock,Fiction
103,Sharp Objects,4,47.82,In stock,Mystery
104,Sapiens: A Brief History ...,5,54.23,In stock,History
105,The Requiem Red,1,22.65,In stock,Young Adult
106,The Dirty Little Secrets ...,4,33.34,In stock,Business
107,The Coming Woman: A ...,3,17.93,In stock,Default
108,The Boys in the ...,4,22.6,In stock,Default
109,The Black Maria,1,52.15,In stock,Poetry
110,Starving Hearts (Triangular Trade ...,2,13.99,In stock,Default
111,Shakespeare's Sonnets,4,20.66,In stock,Poetry
112,Set Me Free,5,17.46,In stock,Young Adult
113,Scott Pilgrim's Precious Little ...,5,52.29,In stock,Sequential Art
114,Rip it Up and ...,5,35.02,In stock,Music
115,Our Band Could Be ...,3,57.25,In stock,Music
116,Olio,1,23.88,In stock,Poetry
117,Mesaerion: The Best Science ...,1,37.59,In stock,Science Fiction
118,Libertarianism for Beginners,2,51.33,In stock,Politics
119,It's Only the Himalayas,2,45.17,In stock,Travel
120,A Light in the ...,3,51.77,In stock,Poetry
121,Tipping the Velvet,1,53.74,In stock,Historical Fiction
122,Soumission,1,50.1,In stock,Fiction
123,Sharp Objects,4,47.82,In stock,Mystery
124,Sapiens: A Brief History ...,5,54.23,In stock,History
125,The Requiem Red,1,22.65,In stock,Young Adult
126,The Dirty Little Secrets ...,4,33.34,In stock,Business
127,The Coming Woman: A ...,3,17.93,In stock,Default
128,The Boys in the ...,4,22.6,In stock,Default
129,The Black Maria,1,52.15,In stock,Poetry
130,Starving Hearts (Triangular Trade ...,2,13.99,In stock,Default
131,Shakespeare's Sonnets,4,20.66,In stock,Poetry
132,Set Me Free,5,17.46,In stock,Young Adult
133,Scott Pilgrim's Precious Little ...,5,52.29,In stock,Sequential Art
134,Rip it Up and ...,5,35.02,In stock,Music
135,Our Band Could Be ...,3,57.25,In stock,Music
136,Olio,1,23.88,In stock,Poetry
137,Mesaerion: The Best Science ...,1,37.59,In stock,Science Fiction
138,Libertarianism for Beginners,2,51.33,In stock,Politics
139,It's Only the Himalayas,2,45.17,In stock,Travel
140,A Light in the ...,3,51.77,In stock,Poetry
141,Tipping the Velvet,1,53.74,In stock,Historical Fiction
142,Soumission,1,50.1,In stock,Fiction
143,Sharp Objects,4,47.82,In stock,Mystery
144,Sapiens: A Brief History ...,5,54.23,In stock,History
145,The Requiem Red,1,22.65,In stock,Young Adult
146,The Dirty Little Secrets ...,4,33.34,In stock,Business
147,The Coming Woman: A ...,3,17.93,In stock,Default
148,The Boys in the ...,4,22.6,In stock,Default
149,The Black Maria,1,52.15,In stock,Poetry
150,Starving Hearts (Triangular Trade ...,2,13.99,In stock,Default
151,Shakespeare's Sonnets,4,20.66,In stock,Poetry
152,Set Me Free,5,17.46,In stock,Young Adult
153,Scott Pilgrim's Precious Little ...,5,52.29,In stock,Sequential Art
154,Rip it Up and ...,5,35.02,In stock,Music
155,Our Band Could Be ...,3,57.25,In stock,Music
156,Olio,1,23.88,In stock,Poetry
157,Mesaerion: The Best Science ...,1,37.59,In stock,Science Fiction
158,Libertarianism for Beginners,2,51.33,In stock,Politics
159,It's Only the Himalayas,2,45.17,In stock,Travel
160,A Light in the ...,3,51.77,In stock,Poetry
161,Tipping the Velvet,1,53.74,In stock,Historical Fiction
162,Soumission,1,50.1,In stock,Fiction
163,Sharp Objects,4,47.82,In stock,Mystery
164,Sapiens: A Brief History ...,5,54.23,In stock,History
165,The Requiem Red,1,22.65,In stock,Young Adult
166,The Dirty Little Secrets ...,4,33.34,In stock,Business
167,The Coming Woman: A ...,3,17.93,In stock,Default
168,The Boys in the ...,4,22.6,In stock,Default
169,The Black Maria,1,52.15,In stock,Poetry
170,Starving Hearts (Triangular Trade ...,2,13.99,In stock,Default
171,Shakespeare's Sonnets,4,20.66,In stock,Poetry
172,Set Me Free,5,17.46,In stock,Young Adult
173,Scott Pilgrim's Precious Little ...,5,52.29,In stock,Sequential Art
174,Rip it Up and ...,5,35.02,In stock,Music
175,Our Band Could Be ...,3,57.25,In stock,Music
176,Olio,1,23.88,In stock,Poetry
177,Mesaerion: The Best Science ...,1,37.59,In stock,Science Fiction
178,Libertarianism for Beginners,2,51.33,In stock,Politics
179,It's Only the Himalayas,2,45.17,In stock,Travel
180,A Light in the ...,3,51.77,In stock,Poetry
181,Tipping the Velvet,1,53.74,In stock,Historical Fiction
182,Soumission,1,50.1,In stock,Fiction
183,Sharp Objects,4,47.82,In stock,Mystery
184,Sapiens: A Brief History ...,5,54.23,In stock,History
185,The Requiem Red,1,22.65,In stock,Young Adult
186,The Dirty Little Secrets ...,4,33.34,In stock,Business
187,The Coming Woman: A ...,3,17.93,In stock,Default
188,The Boys in the ...,4,22.6,In stock,Default
189,The Black Maria,1,52.15,In stock,Poetry
190,Starving Hearts (Triangular Trade ...,2,13.99,In stock,Default
191,Shakespeare's Sonnets,4,20.66,In stock,Poetry
192,Set Me Free,5,17.46,In stock,Young Adult
193,Scott Pilgrim's Precious Little ...,5,52.29,In stock,Sequential Art
194,Rip it Up and ...,5,35.02,In stock,Music
195,Our Band Could Be ...,3,57.25,In stock,Music
196,Olio,1,23.88,In stock,Poetry
197,Mesaerion: The Best Science ...,1,37.59,In stock,Science Fiction
198,Libertarianism for Beginners,2,51.33,In stock,Politics
199,It's Only the Himalayas,2,45.17,In stock,Travel
200,A Light in the ...,3,51.77,In stock,Poetry
201,Tipping the Velvet,1,53.74,In stock,Historical Fiction
202,Soumission,1,50.1,In stock,Fiction
203,Sharp Objects,4,47.82,In stock,Mystery
204,Sapiens: A Brief History ...,5,54.23,In stock,History
205,The Requiem Red,1,22.65,In stock,Young Adult
206,The Dirty Little Secrets ...,4,33.34,In stock,Business
207,The Coming Woman: A ...,3,17.93,In stock,Default
208,The Boys in the ...,4,22.6,In stock,Default
209,The Black Maria,1,52.15,In stock,Poetry
210,Starving Hearts (Triangular Trade ...,2,13.99,In stock,Default
211,Shakespeare's Sonnets,4,20.66,In stock,Poetry
212,Set Me Free,5,17.46,In stock,Young Adult
213,Scott Pilgrim's Precious Little ...,5,52.29,In stock,Sequential Art
214,Rip it Up and ...,5,35.02,In stock,Music
215,Our Band Could Be ...,3,57.25,In stock,Music
216,Olio,1,23.88,In stock,Poetry
217,Mesaerion: The Best Science ...,1,37.59,In stock,Science Fiction
218,Libertarianism for Beginners,2,51.33,In stock,Politics
219,It's Only the Himalayas,2,45.17,In stock,Travel
220,A Light in the ...,3,51.77,In stock,Poetry
221,Tipping the Velvet,1,53.74,In stock,Historical Fiction
222,Soumission,1,50.1,In stock,Fiction
223,Sharp Objects,4,47.82,In stock,Mystery
224,Sapiens: A Brief History ...,5,54.23,In stock,History
225,The Requiem Red,1,22.65,In stock,Young Adult
226,The Dirty Little Secrets ...,4,33.34,In stock,Business
227,The Coming Woman: A ...,3,17.93,In stock,Default
228,The Boys in the ...,4,22.6,In stock,Default
229,The Black Maria,1,52.15,In stock,Poetry
230,Starving Hearts (Triangular Trade ...,2,13.99,In stock,Default
231,Shakespeare's Sonnets,4,20.66,In stock,Poetry
232,Set Me Free,5,17.46,In stock,Young Adult
233,Scott Pilgrim's Precious Little ...,5,52.29,In stock,Sequential Art
234,Rip it Up and ...,5,35.02,In stock,Music
235,Our Band Could Be ...,3,57.25,In stock,Music
236,Olio,1,23.88,In stock,Poetry
237,Mesaerion: The Best Science ...,1,37.59,In stock,Science Fiction
238,Libertarianism for Beginners,2,51.33,In stock,Politics
239,It's Only the Himalayas,2,45.17,In stock,Travel
240,A Light in the ...,3,51.77,In stock,Poetry
241,Tipping the Velvet,1,53.74,In stock,Historical Fiction
242,Soumission,1,50.1,In stock,Fiction
243,Sharp Objects,4,47.82,In stock,Mystery
244,Sapiens: A Brief History ...,5,54.23,In stock,History
245,The Requiem Red,1,22.65,In stock,Young Adult
246,The Dirty Little Secrets ...,4,33.34,In stock,Business
247,The Coming Woman: A ...,3,17.93,In stock,Default
248,The Boys in the ...,4,22.6,In stock,Default
249,The Black Maria,1,52.15,In stock,Poetry
250,Starving Hearts (Triangular Trade ...,2,13.99,In stock,Default
251,Shakespeare's Sonnets,4,20.66,In stock,Poetry
252,Set Me Free,5,17.46,In stock,Young Adult
253,Scott Pilgrim's Precious Little ...,5,52.29,In stock,Sequential Art
254,Rip it Up and ...,5,35.02,In stock,Music
255,Our Band Could Be ...,3,57.25,In stock,Music
256,Olio,1,23.88,In stock,Poetry
257,Mesaerion: The Best Science ...,1,37.59,In stock,Science Fiction
258,Libertarianism for Beginners,2,51.33,In stock,Politics
259,It's Only the Himalayas,2,45.17,In stock,Travel
260,A Light in the ...,3,51.77,In stock,Poetry
261,Tipping the Velvet,1,53.74,In stock,Historical Fiction
262,Soumission,1,50.1,In stock,Fiction
263,Sharp Objects,4,47.82,In stock,Mystery
264,Sapiens: A Brief History ...,5,54.23,In stock,History
265,The Requiem Red,1,22.65,In stock,Young Adult
266,The Dirty Little Secrets ...,4,33.34,In stock,Business
267,The Coming Woman: A ...,3,17.93,In stock,Default
268,The Boys in the ...,4,22.6,In stock,Default
269,The Black Maria,1,52.15,In stock,Poetry
270,Starving Hearts (Triangular Trade ...,2,13.99,In stock,Default
271,Shakespeare's Sonnets,4,20.66,In stock,Poetry
272,Set Me Free,5,17.46,In stock,Young Adult
273,Scott Pilgrim's Precious Little ...,5,52.29,In stock,Sequential Art
274,Rip it Up and ...,5,35.02,In stock,Music
275,Our Band Could Be ...,3,57.25,In stock,Music
276,Olio,1,23.88,In stock,Poetry
277,Mesaerion: The Best Science ...,1,37.59,In stock,Science Fiction
278,Libertarianism for Beginners,2,51.33,In stock,Politics
279,It's Only the Himalayas,2,45.17,In stock,Travel
280,A Light in the ...,3,51.77,In stock,Poetry
281,Tipping the Velvet,1,53.74,In stock,Historical Fiction
282,Soumission,1,50.1,In stock,Fiction
283,Sharp Objects,4,47.82,In stock,Mystery
284,Sapiens: A Brief History ...,5,54.23,In stock,History
285,The Requiem Red,1,22.65,In stock,Young Adult
286,The Dirty Little Secrets ...,4,33.34,In stock,Business
287,The Coming Woman: A ...,3,17.93,In stock,Default
288,The Boys in the ...,4,22.6,In stock,Default
289,The Black Maria,1,52.15,In stock,Poetry
290,Starving Hearts (Triangular Trade ...,2,13.99,In stock,Default
291,Shakespeare's Sonnets,4,20.66,In stock,Poetry
292,Set Me Free,5,17.46,In stock,Young Adult
293,Scott Pilgrim's Precious Little ...,5,52.29,In stock,Sequential Art
294,Rip it Up and ...,5,35.02,In stock,Music
295,Our Band Could Be ...,3,57.25,In stock,Music
296,Olio,1,23.88,In stock,Poetry
297,Mesaerion: The Best Science ...,1,37.59,In stock,Science Fiction
298,Libertarianism for Beginners,2,51.33,In stock,Politics
299,It's Only the Himalayas,2,45.17,In stock,Travel
300,A Light in the ...,3,51.77,In stock,Poetry
301,Tipping the Velvet,1,53.74,In stock,Historical Fiction
302,Soumission,1,50.1,In stock,Fiction
303,Sharp Objects,4,47.82,In stock,Mystery
304,Sapiens: A Brief History ...,5,54.23,In stock,History
305,The Requiem Red,1,22.65,In stock,Young Adult
306,The Dirty Little Secrets ...,4,33.34,In stock,Business
307,The Coming Woman: A ...,3,17.93,In stock,Default
308,The Boys in the ...,4,22.6,In stock,Default
309,The Black Maria,1,52.15,In stock,Poetry
310,Starving Hearts (Triangular Trade ...,2,13.99,In stock,Default
311,Shakespeare's Sonnets,4,20.66,In stock,Poetry
312,Set Me Free,5,17.46,In stock,Young Adult
313,Scott Pilgrim's Precious Little ...,5,52.29,In stock,Sequential Art
314,Rip it Up and ...,5,35.02,In stock,Music
315,Our Band Could Be ...,3,57.25,In stock,Music
316,Olio,1,23.88,In stock,Poetry
317,Mesaerion: The Best Science ...,1,37.59,In stock,Science Fiction
318,Libertarianism for Beginners,2,51.33,In stock,Politics
319,It's Only the Himalayas,2,45.17,In stock,Travel
320,A Light in the ...,3,51.77,In stock,Poetry
321,Tipping the Velvet,1,53.74,In stock,Historical Fiction
322,Soumission,1,50.1,In stock,Fiction
323,Sharp Objects,4,47.82,In stock,Mystery
324,Sapiens: A Brief History ...,5,54.23,In stock,History
325,The Requiem Red,1,22.65,In stock,Young Adult
326,The Dirty Little Secrets ...,4,33.34,In stock,Business
327,The Coming Woman: A ...,3,17.93,In stock,Default
328,The Boys in the ...,4,22.6,In stock,Default
329,The Black Maria,1,52.15,In stock,Poetry
330,Starving Hearts (Triangular Trade ...,2,13.99,In stock,Default
331,Shakespeare's Sonnets,4,20.66,In stock,Poetry
332,Set Me Free,5,17.46,In stock,Young Adult
333,Scott Pilgrim's Precious Little ...,5,52.29,In stock,Sequential Art
334,Rip it Up and ...,5,35.02,In stock,Music
335,Our Band Could Be ...,3,57.25,In stock,Music
336,Olio,1,23.88,In stock,Poetry
337,Mesaerion: The Best Science ...,1,37.59,In stock,Science Fiction
338,Libertarianism for Beginners,2,51.33,In stock,Politics
339,It's Only the Himalayas,2,45.17,In stock,Travel
340,A Light in the ...,3,51.77,In stock,Poetry
341,Tipping the Velvet,1,53.74,In stock,Historical Fiction
342,Soumission,1,50.1,In stock,Fiction
343,Sharp Objects,4,47.82,In stock,Mystery
344,Sapiens: A Brief History ...,5,54.23,In stock,History
345,The Requiem Red,1,22.65,In stock,Young Adult
346,The Dirty Little Secrets ...,4,33.34,In stock,Business
347,The Coming Woman: A ...,3,17.93,In stock,Default
348,The Boys in the ...,4,22.6,In stock,Default
349,The Black Maria,1,52.15,In stock,Poetry
350,Starving Hearts (Triangular Trade ...,2,13.99,In stock,Default
351,Shakespeare's Sonnets,4,20.66,In stock,Poetry
352,Set Me Free,5,17.46,In stock,Young Adult
353,Scott Pilgrim's Precious Little ...,5,52.29,In stock,Sequential Art
354,Rip it Up and ...,5,35.02,In stock,Music
355,Our Band Could Be ...,3,57.25,In stock,Music
356,Olio,1,23.88,In stock,Poetry
357,Mesaerion: The Best Science ...,1,37.59,In stock,Science Fiction
358,Libertarianism for Beginners,2,51.33,In stock,Politics
359,It's Only the Himalayas,2,45.17,In stock,Travel
360,A Light in the ...,3,51.77,In stock,Poetry
361,Tipping the Velvet,1,53.74,In stock,Historical Fiction
362,Soumission,1,50.1,In stock,Fiction
363,Sharp Objects,4,47.82,In stock,Mystery
364,Sapiens: A Brief History ...,5,54.23,In stock,History
365,The Requiem Red,1,22.65,In stock,Young Adult
366,The Dirty Little Secrets ...,4,33.34,In stock,Business
367,The Coming Woman: A ...,3,17.93,In stock,Default
368,The Boys in the ...,4,22.6,In stock,Default
369,The Black Maria,1,52.15,In stock,Poetry
370,Starving Hearts (Triangular Trade ...,2,13.99,In stock,Default
371,Shakespeare's Sonnets,4,20.66,In stock,Poetry
372,Set Me Free,5,17.46,In stock,Young Adult
373,Scott Pilgrim's Precious Little ...,5,52.29,In stock,Sequential Art
374,Rip it Up and ...,5,35.02,In stock,Music
375,Our Band Could Be ...,3,57.25,In stock,Music
376,Olio,1,23.88,In stock,Poetry
377,Mesaerion: The Best Science ...,1,37.59,In stock,Science Fiction
378,Libertarianism for Beginners,2,51.33,In stock,Politics
379,It's Only the Himalayas,2,45.17,In stock,Travel
380,A Light in the ...,3,51.77,In stock,Poetry
381,Tipping the Velvet,1,53.74,In stock,Historical Fiction
382,Soumission,1,50.1,In stock,Fiction
383,Sharp Objects,4,47.82,In stock,Mystery
384,Sapiens: A Brief History ...,5,54.23,In stock,History
385,The Requiem Red,1,22.65,In stock,Young Adult
386,The Dirty Little Secrets ...,4,33.34,In stock,Business
387,The Coming Woman: A ...,3,17.93,In stock,Default
388,The Boys in the ...,4,22.6,In stock,Default
389,The Black Maria,1,52.15,In stock,Poetry
390,Starving Hearts (Triangular Trade ...,2,13.99,In stock,Default
391,Shakespeare's Sonnets,4,20.66,In stock,Poetry
392,Set Me Free,5,17.46,In stock,Young Adult
393,Scott Pilgrim's Precious Little ...,5,52.29,In stock,Sequential Art
394,Rip it Up and ...,5,35.02,In stock,Music
395,Our Band Could Be ...,3,57.25,In stock,Music
396,Olio,1,23.88,In stock,Poetry
397,Mesaerion: The Best Science ...,1,37.59,In stock,Science Fiction
398,Libertarianism for Beginners,2,51.33,In stock,Politics
399,It's Only the Himalayas,2,45.17,In stock,Travel
400,A Light in the ...,3,51.77,In stock,Poetry
401,Tipping the Velvet,1,53.74,In stock,Historical Fiction
402,Soumission,1,50.1,In stock,Fiction
403,Sharp Objects,4,47.82,In stock,Mystery
404,Sapiens: A Brief History ...,5,54.23,In stock,History
405,The Requiem Red,1,22.65,In stock,Young Adult
406,The Dirty Little Secrets ...,4,33.34,In stock,Business
407,The Coming Woman: A ...,3,17.93,In stock,Default
408,The Boys in the ...,4,22.6,In stock,Default
409,The Black Maria,1,52.15,In stock,Poetry
410,Starving Hearts (Triangular Trade ...,2,13.99,In stock,Default
411,Shakespeare's Sonnets,4,20.66,In stock,Poetry
412,Set Me Free,5,17.46,In stock,Young Adult
413,Scott Pilgrim's Precious Little ...,5,52.29,In stock,Sequential Art
414,Rip it Up and ...,5,35.02,In stock,Music
415,Our Band Could Be ...,3,57.25,In stock,Music
416,Olio,1,23.88,In stock,Poetry
417,Mesaerion: The Best Science ...,1,37.59,In stock,Science Fiction
418,Libertarianism for Beginners,2,51.33,In stock,Politics
419,It's Only the Himalayas,2,45.17,In stock,Travel
420,A Light in the ...,3,51.77,In stock,Poetry
421,Tipping the Velvet,1,53.74,In stock,Historical Fiction
422,Soumission,1,50.1,In stock,Fiction
423,Sharp Objects,4,47.82,In stock,Mystery
424,Sapiens: A Brief History ...,5,54.23,In stock,History
425,The Requiem Red,1,22.65,In stock,Young Adult
426,The Dirty Little Secrets ...,4,33.34,In stock,Business
427,The Coming Woman: A ...,3,17.93,In stock,Default
428,The Boys in the ...,4,22.6,In stock,Default
429,The Black Maria,1,52.15,In stock,Poetry
430,Starving Hearts (Triangular Trade ...,2,13.99,In stock,Default
431,Shakespeare's Sonnets,4,20.66,In stock,Poetry
432,Set Me Free,5,17.46,In stock,Young Adult
433,Scott Pilgrim's Precious Little ...,5,52.29,In stock,Sequential Art
434,Rip it Up and ...,5,35.02,In stock,Music
435,Our Band Could Be ...,3,57.25,In stock,Music
436,Olio,1,23.88,In stock,Poetry
437,Mesaerion: The Best Science ...,1,37.59,In stock,Science Fiction
438,Libertarianism for Beginners,2,51.33,In stock,Politics
439,It's Only the Himalayas,2,45.17,In stock,Travel
440,A Light in the ...,3,51.77,In stock,Poetry
441,Tipping the Velvet,1,53.74,In stock,Historical Fiction
442,Soumission,1,50.1,In stock,Fiction
443,Sharp Objects,4,47.82,In stock,Mystery
444,Sapiens: A Brief History ...,5,54.23,In stock,History
445,The Requiem Red,1,22.65,In stock,Young Adult
446,The Dirty Little Secrets ...,4,33.34,In stock,Business
447,The Coming Woman: A ...,3,17.93,In stock,Default
448,The Boys in the ...,4,22.6,In stock,Default
449,The Black Maria,1,52.15,In stock,Poetry
450,Starving Hearts (Triangular Trade ...,2,13.99,In stock,Default
451,Shakespeare's Sonnets,4,20.66,In stock,Poetry
452,Set Me Free,5,17.46,In stock,Young Adult
453,Scott Pilgrim's Precious Little ...,5,52.29,In stock,Sequential Art
454,Rip it Up and ...,5,35.02,In stock,Music
455,Our Band Could Be ...,3,57.25,In stock,Music
456,Olio,1,23.88,In stock,Poetry
457,Mesaerion: The Best Science ...,1,37.59,In stock,Science Fiction
458,Libertarianism for Beginners,2,51.33,In stock,Politics
459,It's Only the Himalayas,2,45.17,In stock,Travel
460,A Light in the ...,3,51.77,In stock,Poetry
461,Tipping the Velvet,1,53.74,In stock,Historical Fiction
462,Soumission,1,50.1,In stock,Fiction
463,Sharp Objects,4,47.82,In stock,Mystery
464,Sapiens: A Brief History ...,5,54.23,In stock,History
465,The Requiem Red,1,22.65,In stock,Young Adult
466,The Dirty Little Secrets ...,4,33.34,In stock,Business
467,The Coming Woman: A ...,3,17.93,In stock,Default
468,The Boys in the ...,4,22.6,In stock,Default
469,The Black Maria,1,52.15,In stock,Poetry
470,Starving Hearts (Triangular Trade ...,2,13.99,In stock,Default
471,Shakespeare's Sonnets,4,20.66,In stock,Poetry
472,Set Me Free,5,17.46,In stock,Young Adult
473,Scott Pilgrim's Precious Little ...,5,52.29,In stock,Sequential Art
474,Rip it Up and ...,5,35.02,In stock,Music
475,Our Band Could Be ...,3,57.25,In stock,Music
476,Olio,1,23.88,In stock,Poetry
477,Mesaerion: The Best Science ...,1,37.59,In stock,Science Fiction
478,Libertarianism for Beginners,2,51.33,In stock,Politics
479,It's Only the Himalayas,2,45.17,In stock,Travel
480,A Light in the ...,3,51.77,In stock,Poetry
481,Tipping the Velvet,1,53.74,In stock,Historical Fiction
482,Soumission,1,50.1,In stock,Fiction
483,Sharp Objects,4,47.82,In stock,Mystery
484,Sapiens: A Brief History ...,5,54.23,In stock,History
485,The Requiem Red,1,22.65,In stock,Young Adult
486,The Dirty Little Secrets ...,4,33.34,In stock,Business
487,The Coming Woman: A ...,3,17.93,In stock,Default
488,The Boys in the ...,4,22.6,In stock,Default
489,The Black Maria,1,52.15,In stock,Poetry
490,Starving Hearts (Triangular Trade ...,2,13.99,In stock,Default
491,Shakespeare's Sonnets,4,20.66,In stock,Poetry
492,Set Me Free,5,17.46,In stock,Young Adult
493,Scott Pilgrim's Precious Little ...,5,52.29,In stock,Sequential Art
494,Rip it Up and ...,5,35.02,In stock,Music
495,Our Band Could Be ...,3,57.25,In stock,Music
496,Olio,1,23.88,In stock,Poetry
497,Mesaerion: The Best Science ...,1,37.59,In stock,Science Fiction
498,Libertarianism for Beginners,2,51.33,In stock,Politics
499,It's Only the Himalayas,2,45.17,In stock,Travel
500,A Light in the ...,3,51.77,In stock,Poetry
501,Tipping the Velvet,1,53.74,In stock,Historical Fiction
502,Soumission,1,50.1,In stock,Fiction
503,Sharp Objects,4,47.82,In stock,Mystery
504,Sapiens: A Brief History ...,5,54.23,In stock,History
505,The Requiem Red,1,22.65,In stock,Young Adult
506,The Dirty Little Secrets ...,4,33.34,In stock,Business
507,The Coming Woman: A ...,3,17.93,In stock,Default
508,The Boys in the ...,4,22.6,In stock,Default
509,The Black Maria,1,52.15,In stock,Poetry
510,Starving Hearts (Triangular Trade ...,2,13.99,In stock,Default
511,Shakespeare's Sonnets,4,20.66,In stock,Poetry
512,Set Me Free,5,17.46,In stock,Young Adult
513,Scott Pilgrim's Precious Little ...,5,52.29,In stock,Sequential Art
514,Rip it Up and ...,5,35.02,In stock,Music
515,Our Band Could Be ...,3,57.25,In stock,Music
516,Olio,1,23.88,In stock,Poetry
517,Mesaerion: The Best Science ...,1,37.59,In stock,Science Fiction
518,Libertarianism for Beginners,2,51.33,In stock,Politics
519,It's Only the Himalayas,2,45.17,In stock,Travel
520,A Light in the ...,3,51.77,In stock,Poetry
521,Tipping the Velvet,1,53.74,In stock,Historical Fiction
522,Soumission,1,50.1,In stock,Fiction
523,Sharp Objects,4,47.82,In stock,Mystery
524,Sapiens: A Brief History ...,5,54.23,In stock,History
525,The Requiem Red,1,22.65,In stock,Young Adult
526,The Dirty Little Secrets ...,4,33.34,In stock,Business
527,The Coming Woman: A ...,3,17.93,In stock,Default
528,The Boys in the ...,4,22.6,In stock,Default
529,The Black Maria,1,52.15,In stock,Poetry
530,Starving Hearts (Triangular Trade ...,2,13.99,In stock,Default
531,Shakespeare's Sonnets,4,20.66,In stock,Poetry
532,Set Me Free,5,17.46,In stock,Young Adult
533,Scott Pilgrim's Precious Little ...,5,52.29,In stock,Sequential Art
534,Rip it Up and ...,5,35.02,In stock,Music
535,Our Band Could Be ...,3,57.25,In stock,Music
536,Olio,1,23.88,In stock,Poetry
537,Mesaerion: The Best Science ...,1,37.59,In stock,Science Fiction
538,Libertarianism for Beginners,2,51.33,In stock,Politics
539,It's Only the Himalayas,2,45.17,In stock,Travel
540,A Light in the ...,3,51.77,In stock,Poetry
541,Tipping the Velvet,1,53.74,In stock,Historical Fiction
542,Soumission,1,50.1,In stock,Fiction
543,Sharp Objects,4,47.82,In stock,Mystery
544,Sapiens: A Brief History ...,5,54.23,In stock,History
545,The Requiem Red,1,22.65,In stock,Young Adult
546,The Dirty Little Secrets ...,4,33.34,In stock,Business
547,The Coming Woman: A ...,3,17.93,In stock,Default
548,The Boys in the ...,4,22.6,In stock,Default
549,The Black Maria,1,52.15,In stock,Poetry
550,Starving Hearts (Triangular Trade ...,2,13.99,In stock,Default
551,Shakespeare's Sonnets,4,20.66,In stock,Poetry
552,Set Me Free,5,17.46,In stock,Young Adult
553,Scott Pilgrim's Precious Little ...,5,52.29,In stock,Sequential Art
554,Rip it Up and ...,5,35.02,In stock,Music
555,Our Band Could Be ...,3,57.25,In stock,Music
556,Olio,1,23.88,In stock,Poetry
557,Mesaerion: The Best Science ...,1,37.59,In stock,Science Fiction
558,Libertarianism for Beginners,2,51.33,In stock,Politics
559,It's Only the Himalayas,2,45.17,In stock,Travel
560,A Light in the ...,3,51.77,In stock,Poetry
561,Tipping the Velvet,1,53.74,In stock,Historical Fiction
562,Soumission,1,50.1,In stock,Fiction
563,Sharp Objects,4,47.82,In stock,Mystery
564,Sapiens: A Brief History ...,5,54.23,In stock,History
565,The Requiem Red,1,22.65,In stock,Young Adult
566,The Dirty Little Secrets ...,4,33.34,In stock,Business
567,The Coming Woman: A ...,3,17.93,In stock,Default
568,The Boys in the ...,4,22.6,In stock,Default
569,The Black Maria,1,52.15,In stock,Poetry
570,Starving Hearts (Triangular Trade ...,2,13.99,In stock,Default
571,Shakespeare's Sonnets,4,20.66,In stock,Poetry
572,Set Me Free,5,17.46,In stock,Young Adult
573,Scott Pilgrim's Precious Little ...,5,52.29,In stock,Sequential Art
574,Rip it Up and ...,5,35.02,In stock,Music
575,Our Band Could Be ...,3,57.25,In stock,Music
576,Olio,1,23.88,In stock,Poetry
577,Mesaerion: The Best Science ...,1,37.59,In stock,Science Fiction
578,Libertarianism for Beginners,2,51.33,In stock,Politics
579,It's Only the Himalayas,2,45.17,In stock,Travel
